insert into Customers values("Bjudkakor AB", 'Ystad');

insert into Customers values('Finkakor AB', 'Helsingborg');

insert into Customers values('Gästkakor AB', 'Hässleholm');

insert into Customers values('Kaffebröd AB', 'Landskrona');

insert into Customers values('Kalaskakor AB', 'Trelleborg');

insert into Customers values('Partykakor AB', 'Kristianstad');

insert into Customers values('Skånekakor AB', 'Perstorp');

insert into Customers values('Småbröd AB', 'Malmö');

insert into Cookies values('Almond delight');

insert into Cookies values('Amneris');

insert into Cookies values('Berliner');

insert into Cookies values('Nut cookie');

insert into Cookies values('Nut ring');

insert into Cookies values('Tango');

insert into Ingredients values ('Bread crumbs', 500000, 'g', '2021-05-03', 500000);

insert into Ingredients values ('Butter', 500000, 'g', '2021-05-03', 500000);

insert into Ingredients values ('Chocolate', 500000, 'g', '2021-05-03', 500000);

insert into Ingredients values ('Chopped almonds', 500000, 'g', '2021-05-03', 500000);

insert into Ingredients values ('Cinnamon', 500000, 'g', '2021-05-03', 500000);

insert into Ingredients values ('Egg whites', 500000, 'ml', '2021-05-03', 500000);

insert into Ingredients values ('Fine-ground nuts', 500000, 'g', '2021-05-03', 500000);

insert into Ingredients values ('Ground, roasted nuts', 500000, 'g', '2021-05-03', 500000);

insert into Ingredients values ('Icing sugar', 500000, 'g', '2021-05-03', 500000);

insert into Ingredients values ('Marzipan', 500000, 'g', '2021-05-03', 500000);

insert into Ingredients values ('Potato starch', 500000, 'g', '2021-05-03', 500000);

insert into Ingredients values ('Roasted, chopped nuts', 500000, 'g', '2021-05-03', 500000);

insert into Ingredients values ('Sodium bicarbonate', 500000, 'g', '2021-05-03', 500000);

insert into Ingredients values ('Sugar', 500000, 'g', '2021-05-03', 500000);

insert into Ingredients values ('Flour', 500000, 'g', '2021-05-03', 500000);

insert into Ingredients values ('Eggs', 500000, 'g', '2021-05-03', 500000);

insert into Ingredients values ('Vanilla sugar', 500000, 'g', '2021-05-03', 500000);

insert into Ingredients values ('Vanilla', 500000, 'g', '2021-05-03', 500000);

insert into Ingredients values ('Wheat flour', 500000, 'g', '2021-05-03', 500000);

insert into Recipes values('Almond delight', 'Butter', 400);
insert into Recipes values('Almond delight', 'Chopped almonds', 279);
insert into Recipes values('Almond delight', 'Cinnamon', 10);
insert into Recipes values('Almond delight', 'Flour', 400);
insert into Recipes values('Almond delight', 'Sugar', 270);

insert into Recipes values('Amneris', 'Butter', 250);
insert into Recipes values('Amneris', 'Eggs', 250);
insert into Recipes values('Amneris', 'Marzipan', 750);
insert into Recipes values('Amneris', 'Potato starch', 25);
insert into Recipes values('Amneris', 'Wheat flour', 25);

insert into Recipes values('Berliner ', 'Butter', 250);
insert into Recipes values('Berliner ', 'Chocolate', 50);
insert into Recipes values('Berliner ', 'Eggs', 50);
insert into Recipes values('Berliner ', 'Flour', 350);
insert into Recipes values('Berliner ', 'Icing sugar', 100);
insert into Recipes values('Berliner ', 'Vanilla sugar', 5);


insert into Recipes values ('Nut cookie', 'Bread crumbs', 125);
insert into Recipes values ('Nut cookie', 'Chocolate', 50);
insert into Recipes values ('Nut cookie', 'Egg whites', 350);
insert into Recipes values ('Nut cookie', 'Fine-ground nuts', 750);
insert into Recipes values ('Nut cookie', 'Ground, roasted nuts', 625);
insert into Recipes values ('Nut cookie', 'Sugar', 375);

insert into Recipes values ('Nut ring', 'Butter', 450);
insert into Recipes values ('Nut ring', 'Flour', 450);
insert into Recipes values ('Nut ring', 'Icing sugar', 190);
insert into Recipes values ('Nut ring', 'Roasted, chopped nuts', 225);

insert into Recipes values ('Tango', 'Butter', 200);
insert into Recipes values ('Tango', 'Flour', 300);
insert into Recipes values ('Tango', 'Sodium bicarbonate', 4);
insert into Recipes values ('Tango', 'Sugar', 250);
insert into Recipes values ('Tango', 'Vanilla', 2);

TRUNCATE TABLE Pallets;